{
  "sources": [
    { "ra": 4.97932254507, "dec": -1.31553804518, "I": 1 },
    { "ra": 5.1, "dec": 1.38434951505, "I": 0.7602 },

    { "ra": 4.95107805541, "dec": -1.38434951505, "I": 0.5 },

    { "ra": 4.95107805541, "dec": -0.38434951505, "I": 0.19389999999999999 }
  ],
  "ra0": 5.025539028,
  "dec0": 0.28
}
