{
  "sources": [{ "ra": 4.97932254507, "dec": -1.31553804518, "I": 0.1939 }],
  "ra0": 4.9793225450667888,
  "dec0": -1.3155380451812768
}
