{
  "sources": [
    { "ra": -4.735190556, "dec": -74.660411389, "I": 1 },
    { "ra": -4.735190556, "dec": -73.660360556, "I": 0.2 }
  ],
  "ra0": -4.735190556,
  "dec0": -74.660411389
}
