{
  "sources": [
    { "ra": 4.97932254507, "dec": -1.31553804518, "I": 0.1939 },

    { "ra": 5.1, "dec": 1.38434951505, "I": 0.7602 },

    { "ra": 4.95107805541, "dec": -1.38434951505, "I": 0.5 }
  ],
  "ra0": 5.02294357171,
  "dec0": -1.3053931924309257
}
