{
  "sources": [
    { "ra": 4.97932254507, "dec": -1.31553804518, "I": 0.1939 },
    { "ra": 5.97932254507, "dec": -2.31553804518, "I": 0.7 }
  ],
  "ra0": 5.47932253,
  "dec0": -1.815538043
}
